"","Horizon","CATE_Estimate_with_noise","Standard_Error"
"1",12,0.400723347992364,0.126916214255206
"2",24,1.6753564213379,0.40432883244253
"3",36,3.22733736822403,0.714030758694469
"4",48,5.04548205335461,1.17519405435522
"5",60,6.35694966902598,1.41293122162844
"6",72,7.25805002167846,1.77759173509471
"7",84,9.35315479053157,2.09686695947541
"8",96,11.1344206423077,2.4988637021112
"9",108,12.1556324303829,2.74620990947745
"10",120,13.1161894792892,3.07207828544865
