"","Horizon","CATE_Estimate_with_noise_SP","Standard_Error"
"1",12,0.101955595811395,0.0239615212709428
"2",24,0.142873887150348,0.028084177949011
"3",36,0.152147944378172,0.0289995490707542
"4",48,0.171751912698108,0.0316179427444806
"5",60,0.161139865788734,0.032619579039241
"6",72,0.133618889071535,0.03495829805632
"7",84,0.139276183084838,0.0351816073352092
"8",96,0.119164368548649,0.0343402342333317
"9",108,0.112727175420601,0.0329050133857572
"10",120,0.0871995351487441,0.032269518063087
