"","Horizon","CATE_Estimate_with_noise","Standard_Error"
"1",12,0.479399080901929,0.100476609775908
"2",24,1.80600085892107,0.324997951274935
"3",36,3.40551031924176,0.580136365198276
"4",48,5.32471794559303,0.916231585924352
"5",60,7.11419814468911,1.15978731844859
"6",72,8.0823938291648,1.54225894265893
"7",84,9.80728253166527,1.78783675484463
"8",96,11.4679584689435,2.05178215223005
"9",108,13.0184009116292,2.32994453102173
"10",120,13.8111971188842,2.68890573537609
