"","Horizon","CATE_Estimate_with_noise","Standard_Error"
"1",12,0.400720794184235,0.126916705992086
"2",24,1.6753568272958,0.404329519545946
"3",36,3.2273771358551,0.714031712150722
"4",48,5.04548321833574,1.17520153370749
"5",60,6.35691011602063,1.41293452764835
"6",72,7.25805002300772,1.77759173469083
"7",84,9.35315479210578,2.09686695901075
"8",96,11.1343035464203,2.49885601082744
"9",108,12.1558160709404,2.74619746880895
"10",120,13.1162323655898,3.07207279348503
