"horizon_sel","ATE_estimate_train_RMST","ATE_se_train_RMST","ATE_estimate_test_RMST","ATE_se_test_RMST"
12,1.46037631298627,0.341729126089657,1.4451545093562,0.676725802918126
24,1.17672796324762,0.445572813616511,1.20463273922817,0.970018673431336
36,1.17672796324762,0.445572813616511,1.20463273922817,0.970018673431336
48,1.17672796324762,0.445572813616511,1.20463273922817,0.970018673431336
60,1.17672796324762,0.445572813616511,1.20463273922817,0.970018673431336
