"horizon_sel","ATE_estimate_train_SP","ATE_se_train_SP","ATE_estimate_test_SP","ATE_se_test_SP"
12,0.0988388552991621,0.032059882654377,0.098133890933018,0.065943492242602
24,0.0839734808208042,0.0341305119939614,0.0882542376546652,0.0691834910705717
36,0.0839734808208042,0.0341305119939614,0.0882542376546652,0.0691834910705717
48,0.0839734808208042,0.0341305119939614,0.0882542376546652,0.0691834910705717
60,0.0839734808208042,0.0341305119939614,0.0882542376546652,0.0691834910705717
