"Strength","Target","Mean_ATE_Diff","SD_ATE_Diff","Max_ATE_Diff","Mean_Original_SE","Mean_Confounded_SE"
0.1,"RMST",0.176920013195654,0.179787189582546,0.908132556491953,NA,NA
0.1,"survival.probability",0.0032651056656428,0.00223245277793718,0.0103933057093785,NA,NA
0.3,"RMST",0.281366565645903,0.292255259040299,1.50330049851581,NA,NA
0.3,"survival.probability",0.00554066467449245,0.00414385841290947,0.0195243286980909,NA,NA
0.5,"RMST",0.339999385729077,0.377601605463573,1.78470091439538,NA,NA
0.5,"survival.probability",0.00622787985688582,0.00497809792953223,0.020118822225788,NA,NA
