"","Horizon","CATE_Estimate_with_noise","Standard_Error"
"1",12,0.551982344672784,0.154337813742947
"2",24,2.09395504586023,0.465372461825846
"3",36,3.84930675143177,0.804209438234304
"4",48,5.52615785042524,1.16861655916967
"5",60,7.34377541562483,1.56013741627538
"6",72,8.77733775040674,1.98428618830091
"7",84,10.8774484921349,2.30473121271812
"8",96,12.7172237429249,2.70159187160971
"9",108,14.7331583137887,3.04521569662425
"10",120,16.4922997524127,3.42790942031498
