"Strength","Target","Mean_ATE_Diff","SD_ATE_Diff","Max_ATE_Diff","Mean_Original_SE","Mean_Confounded_SE"
0.1,"RMST",0.197873939051956,0.263936669131291,0.93764361369862,NA,NA
0.1,"survival.probability",0.0194620615473992,0.031566609926022,0.107574293156654,NA,NA
0.3,"RMST",0.309592103231537,0.324494651479587,0.982169283722553,NA,NA
0.3,"survival.probability",0.036493366707253,0.037425184536447,0.108462707216803,NA,NA
0.5,"RMST",0.287514834819048,0.358813597866491,1.18797826464515,NA,NA
0.5,"survival.probability",0.0351106841764231,0.0381334461403712,0.133479748437517,NA,NA
