"Strength","Target","Mean_ATE_Diff","SD_ATE_Diff","Max_ATE_Diff","Mean_Original_SE","Mean_Confounded_SE"
0.1,"RMST",0.336716810049193,0.381051497690895,1.7898709000978,NA,NA
0.1,"survival.probability",0.00548952807441717,0.00414960236257971,0.0177176783427625,NA,NA
0.3,"RMST",0.492083271104198,0.522982513549958,2.24887826371984,NA,NA
0.3,"survival.probability",0.00880252789866412,0.0063782742758603,0.0290217692158293,NA,NA
0.5,"RMST",0.809031040781111,0.982905140902978,5.29808612620926,NA,NA
0.5,"survival.probability",0.0120354318209454,0.0100588548200758,0.0514143452890704,NA,NA
