"Strength","Target","Mean_ATE_Diff","SD_ATE_Diff","Max_ATE_Diff","Mean_Original_SE","Mean_Confounded_SE"
0.1,"RMST",1.045569514228,1.11243766112999,6.57138827694019,NA,NA
0.1,"survival.probability",0.0169517551327987,0.0159831978959854,0.0638386227499314,NA,NA
0.3,"RMST",1.43923210821809,1.70437757576524,8.83553354040603,NA,NA
0.3,"survival.probability",0.0185717150584564,0.0177476583856484,0.0653810420635466,NA,NA
0.5,"RMST",1.82557191284344,2.05995823125796,9.29046940344084,NA,NA
0.5,"survival.probability",0.0293689794740894,0.0318564275309214,0.154094341148451,NA,NA
