"Strength","Target","Mean_ATE_Diff","SD_ATE_Diff","Max_ATE_Diff","Mean_Original_SE","Mean_Confounded_SE"
0.1,"RMST",0.315932508538353,0.383437051537323,2.18293091847245,NA,NA
0.1,"survival.probability",0.00426397177724953,0.00389714419549435,0.0159199185942373,NA,NA
0.3,"RMST",0.391443844362657,0.489724027642055,2.70041761319943,NA,NA
0.3,"survival.probability",0.0065698282695729,0.00610153499724647,0.0324701595408456,NA,NA
0.5,"RMST",0.547757647892905,0.642393092824458,2.67058452083857,NA,NA
0.5,"survival.probability",0.008269074513805,0.0064007938687372,0.03183203722205,NA,NA
