"Strength","Target","Mean_ATE_Diff","SD_ATE_Diff","Max_ATE_Diff","Mean_Original_SE","Mean_Confounded_SE"
0.1,"RMST",0.271960218801164,0.318586879803009,1.67382599088147,NA,NA
0.1,"survival.probability",0.00442967471652427,0.00357038966890275,0.0146876945888464,NA,NA
0.3,"RMST",0.68245954148005,0.897404711830435,4.1981917580462,NA,NA
0.3,"survival.probability",0.012621371497888,0.0100575927951406,0.0416464972296121,NA,NA
0.5,"RMST",0.66487245593556,0.822675276714804,3.82239494881983,NA,NA
0.5,"survival.probability",0.0120703893977799,0.00964737158365396,0.0380816606074529,NA,NA
