"Strength","Target","Mean_ATE_Diff","SD_ATE_Diff","Max_ATE_Diff","Mean_Original_SE","Mean_Confounded_SE"
0.1,"RMST",0.0927800444278272,0.10833099545049,0.444021182161206,NA,NA
0.1,"survival.probability",0.00187245023027444,0.00159743288580852,0.00755433229136265,NA,NA
0.3,"RMST",0.0927800444278272,0.10833099545049,0.444021182161206,NA,NA
0.3,"survival.probability",0.00187245023027444,0.00159743288580852,0.00755433229136265,NA,NA
0.5,"RMST",0.0927800444278272,0.10833099545049,0.444021182161206,NA,NA
0.5,"survival.probability",0.00187245023027444,0.00159743288580852,0.00755433229136265,NA,NA
