"horizon_sel","ATE_estimate_train_RMST","ATE_se_train_RMST","ATE_estimate_test_RMST","ATE_se_test_RMST"
10,1.23781890555467,0.260039062141818,1.05326747866806,0.176015961682851
15,2.4669372459318,0.413120841807849,2.21442832223694,0.379201288966583
20,3.9095562691171,0.556328741138376,3.45553714911396,0.694904944651457
25,4.93616790615078,0.702922366259742,4.31019196784595,0.91256941652886
30,5.54245017244723,0.824893102434694,4.75961739958802,1.12535134032133
35,5.74798089828802,0.880996008049198,5.02845080986059,1.15120480124054
40,5.87937016647716,0.8995859093745,5.15070175518311,1.29712353825069
45,5.8825091121016,0.898257851355336,5.10422068719171,1.3016282736233
50,5.23736288359112,1.14270239798639,3.93474138784797,1.9630095985843
