"horizon_sel","ATE_estimate_train_SP","ATE_se_train_SP","ATE_estimate_test_SP","ATE_se_test_SP"
10,0.214505381764918,0.0387386351657299,0.192476486545495,0.0323056247986107
15,0.310425996546916,0.0416478609280715,0.281376127629671,0.0344813570023636
20,0.222491537598976,0.0441070978509337,0.190939748101636,0.0395894977335788
25,0.134033791065891,0.0452378575598004,0.0944807844198475,0.0373284858004724
30,0.0773907202011574,0.0350444496061467,0.0805765857332934,0.0287528145242949
35,0.00426075220082457,0.0291288758127337,0.0225102142728962,0.0255801173726296
40,0.0207855559665656,0.0141676111977986,0.0177731783001026,0.0148527245941398
45,0.0137598968967533,0.012791286007159,0.0107673467966061,0.0126955358782262
50,-0.080914587622788,0.0923037893957424,-0.150052033411697,0.144445043759794
